extract_date,specimen_date,number_tested,number_confirmed,number_hospitalized,number_deaths,specimen_date_dt,dt,boro,pct_tested_positive,cumsum_number_tested,cumsum_number_confirmed,cumsum_number_deaths,cumsum_number_hospitalized,cumsum_pct_tested_positive,7-day_rolling_avg_pct_tested_positive,7-day_rolling_avg_number_tested,7-day_rolling_avg_number_confirmed,7-day_rolling_avg_number_hospitalized,7-day_rolling_avg_number_deaths
2020-08-29T00:00:00.000,2020-02-02T00:00:00.000,2,0,2,0,2020-02-02,2020-08-29,NYC,0.0,2,0,0,2,0.0,,,,,
2020-08-29T00:00:00.000,2020-02-04T00:00:00.000,1,0,0,0,2020-02-04,2020-08-29,NYC,0.0,3,0,0,2,0.0,,,,,
2020-08-29T00:00:00.000,2020-02-05T00:00:00.000,1,0,1,0,2020-02-05,2020-08-29,NYC,0.0,4,0,0,3,0.0,,,,,
2020-08-29T00:00:00.000,2020-02-08T00:00:00.000,1,0,1,0,2020-02-08,2020-08-29,NYC,0.0,5,0,0,4,0.0,,,,,
2020-08-29T00:00:00.000,2020-02-26T00:00:00.000,1,0,1,0,2020-02-26,2020-08-29,NYC,0.0,6,0,0,5,0.0,,,,,
2020-08-29T00:00:00.000,2020-02-29T00:00:00.000,1,1,0,0,2020-02-29,2020-08-29,NYC,1.0,7,1,0,5,0.14285714285714285,,,,,
2020-08-29T00:00:00.000,2020-03-01T00:00:00.000,1,0,0,0,2020-03-01,2020-08-29,NYC,0.0,8,1,0,5,0.125,0.125,1.1428571428571428,0.14285714285714285,0.7142857142857143,0.0
2020-08-29T00:00:00.000,2020-03-02T00:00:00.000,5,0,3,0,2020-03-02,2020-08-29,NYC,0.0,13,1,0,8,0.07692307692307693,0.09090909090909091,1.5714285714285714,0.14285714285714285,0.8571428571428571,0.0
2020-08-29T00:00:00.000,2020-03-03T00:00:00.000,13,2,7,0,2020-03-03,2020-08-29,NYC,0.15384615384615385,26,3,0,15,0.11538461538461539,0.13043478260869565,3.2857142857142856,0.42857142857142855,1.8571428571428572,0.0
2020-08-29T00:00:00.000,2020-03-04T00:00:00.000,32,6,16,2,2020-03-04,2020-08-29,NYC,0.1875,58,9,2,31,0.15517241379310345,0.16666666666666666,7.714285714285714,1.2857142857142858,4.0,0.2857142857142857
2020-08-29T00:00:00.000,2020-03-05T00:00:00.000,63,5,25,1,2020-03-05,2020-08-29,NYC,0.07936507936507936,121,14,3,56,0.11570247933884298,0.1206896551724138,16.571428571428573,2.0,7.428571428571429,0.42857142857142855
2020-08-29T00:00:00.000,2020-03-06T00:00:00.000,82,14,14,2,2020-03-06,2020-08-29,NYC,0.17073170731707318,203,28,5,70,0.13793103448275862,0.14213197969543148,28.142857142857142,4.0,9.285714285714286,0.7142857142857143
2020-08-29T00:00:00.000,2020-03-07T00:00:00.000,67,12,12,3,2020-03-07,2020-08-29,NYC,0.1791044776119403,270,40,8,82,0.14814814814814814,0.1482889733840304,37.57142857142857,5.571428571428571,11.0,1.1428571428571428
2020-08-29T00:00:00.000,2020-03-08T00:00:00.000,110,28,22,4,2020-03-08,2020-08-29,NYC,0.2545454545454545,380,68,12,104,0.17894736842105263,0.18010752688172044,53.142857142857146,9.571428571428571,14.142857142857142,1.7142857142857142
2020-08-29T00:00:00.000,2020-03-09T00:00:00.000,398,75,33,15,2020-03-09,2020-08-29,NYC,0.1884422110552764,778,143,27,137,0.18380462724935734,0.18562091503267975,109.28571428571429,20.285714285714285,18.428571428571427,3.857142857142857
2020-08-29T00:00:00.000,2020-03-10T00:00:00.000,457,91,41,10,2020-03-10,2020-08-29,NYC,0.19912472647702406,1235,234,37,178,0.18947368421052632,0.19106699751861042,172.71428571428572,33.0,23.285714285714285,5.285714285714286
2020-08-29T00:00:00.000,2020-03-11T00:00:00.000,796,193,76,27,2020-03-11,2020-08-29,NYC,0.24246231155778894,2031,427,64,254,0.2102412604628262,0.21186011150532186,281.85714285714283,59.714285714285715,31.857142857142858,8.857142857142858
2020-08-29T00:00:00.000,2020-03-12T00:00:00.000,1574,405,103,33,2020-03-12,2020-08-29,NYC,0.25730622617534943,3605,832,97,357,0.2307905686546463,0.23478760045924224,497.7142857142857,116.85714285714286,43.0,13.428571428571429
2020-08-29T00:00:00.000,2020-03-13T00:00:00.000,2164,695,214,54,2020-03-13,2020-08-29,NYC,0.3211645101663586,5769,1527,151,571,0.26469058762350495,0.26931369026230684,795.1428571428571,214.14285714285714,71.57142857142857,20.857142857142858
2020-08-29T00:00:00.000,2020-03-14T00:00:00.000,1706,696,237,67,2020-03-14,2020-08-29,NYC,0.4079718640093787,7475,2223,218,808,0.29739130434782607,0.30298403886190145,1029.2857142857142,311.85714285714283,103.71428571428571,30.0
2020-08-29T00:00:00.000,2020-03-15T00:00:00.000,2360,1114,313,97,2020-03-15,2020-08-29,NYC,0.47203389830508474,9835,3337,315,1121,0.3392984239959329,0.3457429931253305,1350.7142857142858,467.0,145.28571428571428,43.285714285714285
2020-08-29T00:00:00.000,2020-03-16T00:00:00.000,4951,2268,515,127,2020-03-16,2020-08-29,NYC,0.45808927489396084,14786,5605,442,1636,0.37907480048694714,0.3899200456881782,2001.142857142857,780.2857142857143,214.14285714285714,59.285714285714285
2020-08-29T00:00:00.000,2020-03-17T00:00:00.000,5529,2598,573,159,2020-03-17,2020-08-29,NYC,0.4698860553445469,20315,8203,601,2209,0.4037903027319715,0.4176624737945493,2725.714285714286,1138.4285714285713,290.14285714285717,80.57142857142857
2020-08-29T00:00:00.000,2020-03-18T00:00:00.000,6312,3205,738,202,2020-03-18,2020-08-29,NYC,0.5077629911280102,26627,11408,803,2947,0.42843730048447065,0.44645470808261506,3513.714285714286,1568.7142857142858,384.7142857142857,105.57142857142857
2020-08-29T00:00:00.000,2020-03-19T00:00:00.000,7749,3945,917,266,2020-03-19,2020-08-29,NYC,0.5090979481223383,34376,15353,1069,3864,0.4466197346986269,0.4719053654414871,4395.857142857143,2074.4285714285716,501.0,138.85714285714286
2020-08-29T00:00:00.000,2020-03-20T00:00:00.000,7805,4197,995,278,2020-03-20,2020-08-29,NYC,0.5377322229340167,42181,19550,1347,4859,0.46347881747706315,0.49497418433483464,5201.714285714285,2574.714285714286,612.5714285714286,170.85714285714286
2020-08-29T00:00:00.000,2020-03-21T00:00:00.000,4766,2724,834,270,2020-03-21,2020-08-29,NYC,0.5715484683172471,46947,22274,1617,5693,0.4744499116024453,0.5079803404945278,5638.857142857143,2864.4285714285716,697.8571428571429,199.85714285714286
2020-08-29T00:00:00.000,2020-03-22T00:00:00.000,4414,2687,945,287,2020-03-22,2020-08-29,NYC,0.6087449025826914,51361,24961,1904,6638,0.4859913163684508,0.5207339979771709,5932.285714285715,3089.1428571428573,788.1428571428571,227.0
2020-08-29T00:00:00.000,2020-03-23T00:00:00.000,5652,3691,1244,388,2020-03-23,2020-08-29,NYC,0.6530431705590941,57013,28652,2292,7882,0.5025520495325627,0.5457882397518176,6032.428571428572,3292.4285714285716,892.2857142857143,264.2857142857143
2020-08-29T00:00:00.000,2020-03-24T00:00:00.000,7208,4634,1465,522,2020-03-24,2020-08-29,NYC,0.642896781354051,64221,33286,2814,9347,0.518303981563663,0.5712886621418485,6272.285714285715,3583.285714285714,1019.7142857142857,316.14285714285717
2020-08-29T00:00:00.000,2020-03-25T00:00:00.000,7615,4980,1586,534,2020-03-25,2020-08-29,NYC,0.6539724228496389,71836,38266,3348,10933,0.5326855615568795,0.5940852485124644,6458.428571428572,3836.8571428571427,1140.857142857143,363.57142857142856
2020-08-29T00:00:00.000,2020-03-26T00:00:00.000,7321,5128,1756,624,2020-03-26,2020-08-29,NYC,0.7004507580931567,79157,43394,3972,12689,0.5482016751519133,0.6261807462986535,6397.285714285715,4005.8571428571427,1260.7142857142858,414.7142857142857
2020-08-29T00:00:00.000,2020-03-27T00:00:00.000,7454,5173,1760,634,2020-03-27,2020-08-29,NYC,0.6939898041320096,86611,48567,4606,14449,0.5607486346999804,0.6530947557956336,6347.142857142857,4145.285714285715,1370.0,465.57142857142856
2020-08-29T00:00:00.000,2020-03-28T00:00:00.000,4746,3509,1456,558,2020-03-28,2020-08-29,NYC,0.7393594605983986,91357,52076,5164,15905,0.5700274746324857,0.671065075433461,6344.285714285715,4257.428571428572,1458.857142857143,506.7142857142857
2020-08-29T00:00:00.000,2020-03-29T00:00:00.000,4910,3573,1502,514,2020-03-29,2020-08-29,NYC,0.7276985743380855,96267,55649,5678,17407,0.5780693280147922,0.6833830668507549,6415.142857142857,4384.0,1538.4285714285713,539.1428571428571
2020-08-29T00:00:00.000,2020-03-30T00:00:00.000,8568,6123,2011,771,2020-03-30,2020-08-29,NYC,0.7146358543417367,104835,61772,6449,19418,0.5892306958553918,0.6925682740161432,6831.714285714285,4731.428571428572,1648.0,593.8571428571429
2020-08-29T00:00:00.000,2020-03-31T00:00:00.000,7958,5522,1912,784,2020-03-31,2020-08-29,NYC,0.6938929379241016,112793,67294,7233,21330,0.5966150381672621,0.7001564687474265,6938.857142857143,4858.285714285715,1711.857142857143,631.2857142857143
2020-08-29T00:00:00.000,2020-04-01T00:00:00.000,8474,5509,1743,744,2020-04-01,2020-08-29,NYC,0.6501062072220911,121267,72803,7977,23073,0.6003529402063216,0.6986911047723089,7061.571428571428,4933.857142857143,1734.2857142857142,661.2857142857143
2020-08-29T00:00:00.000,2020-04-02T00:00:00.000,9402,5813,1902,717,2020-04-02,2020-08-29,NYC,0.6182727079344821,130669,78616,8694,24975,0.6016423176116753,0.6837630066780556,7358.857142857143,5031.714285714285,1755.142857142857,674.5714285714286
2020-08-29T00:00:00.000,2020-04-03T00:00:00.000,9573,5735,1883,741,2020-04-03,2020-08-29,NYC,0.5990807479369059,140242,84351,9435,26858,0.6014674633847207,0.6672260446383621,7661.571428571428,5112.0,1772.7142857142858,689.8571428571429
2020-08-29T00:00:00.000,2020-04-04T00:00:00.000,6264,3856,1441,550,2020-04-04,2020-08-29,NYC,0.6155810983397191,146506,88207,9985,28299,0.6020709049458726,0.655152405302,7878.428571428572,5161.571428571428,1770.5714285714287,688.7142857142857
2020-08-29T00:00:00.000,2020-04-05T00:00:00.000,6351,3795,1420,543,2020-04-05,2020-08-29,NYC,0.5975436939064714,152857,92002,10528,29719,0.601882805497949,0.6423926488778936,8084.285714285715,5193.285714285715,1758.857142857143,692.8571428571429
2020-08-29T00:00:00.000,2020-04-06T00:00:00.000,10957,6393,1981,794,2020-04-06,2020-08-29,NYC,0.5834626266313772,163814,98395,11322,31700,0.6006507380321584,0.6209498296003663,8425.57142857143,5231.857142857143,1754.5714285714287,696.1428571428571
2020-08-29T00:00:00.000,2020-04-07T00:00:00.000,10589,6015,1795,728,2020-04-07,2020-08-29,NYC,0.5680423080555294,174403,104410,12050,33495,0.5986708944226877,0.6024346696964779,8801.42857142857,5302.285714285715,1737.857142857143,688.1428571428571
2020-08-29T00:00:00.000,2020-04-08T00:00:00.000,10205,5593,1746,714,2020-04-08,2020-08-29,NYC,0.5480646741793238,184608,110003,12764,35241,0.5958734182700641,0.5872973271656589,9048.714285714286,5314.285714285715,1738.2857142857142,683.8571428571429
2020-08-29T00:00:00.000,2020-04-09T00:00:00.000,9249,5065,1502,585,2020-04-09,2020-08-29,NYC,0.5476267704616715,193857,115068,13349,36743,0.5935715501632647,0.5768816863961511,9026.857142857143,5207.428571428572,1681.142857142857,665.0
2020-08-29T00:00:00.000,2020-04-10T00:00:00.000,7828,4469,1359,523,2020-04-10,2020-08-29,NYC,0.5708993357179356,201685,119537,13872,38102,0.5926915734933188,0.5726608401282489,8777.57142857143,5026.571428571428,1606.2857142857142,633.8571428571429
2020-08-29T00:00:00.000,2020-04-11T00:00:00.000,6939,3683,1103,398,2020-04-11,2020-08-29,NYC,0.5307681222078109,208624,123220,14270,39205,0.5906319503029374,0.5636530474258669,8874.0,5001.857142857143,1558.0,612.1428571428571
2020-08-29T00:00:00.000,2020-04-12T00:00:00.000,5757,2865,977,395,2020-04-12,2020-08-29,NYC,0.49765502866076083,214381,126085,14665,40182,0.588135142573269,0.5539789350497367,8789.142857142857,4869.0,1494.7142857142858,591.0
2020-08-29T00:00:00.000,2020-04-13T00:00:00.000,6730,3297,1214,445,2020-04-13,2020-08-29,NYC,0.48989598811292717,221111,129382,15110,41396,0.585145017660813,0.5408136551651919,8185.285714285715,4426.714285714285,1385.142857142857,541.1428571428571
2020-08-29T00:00:00.000,2020-04-14T00:00:00.000,9426,4163,1172,392,2020-04-14,2020-08-29,NYC,0.44165075323573094,230537,133545,15502,42568,0.5792779467070361,0.5190259023051983,8019.142857142857,4162.142857142857,1296.142857142857,493.14285714285717
2020-08-29T00:00:00.000,2020-04-15T00:00:00.000,9886,3877,989,348,2020-04-15,2020-08-29,NYC,0.3921707465102165,240423,137422,15850,43557,0.5715842494270514,0.49124787243572515,7973.571428571428,3917.0,1188.0,440.85714285714283
2020-08-29T00:00:00.000,2020-04-16T00:00:00.000,9554,3546,857,295,2020-04-16,2020-08-29,NYC,0.3711534435838392,249977,140968,16145,44414,0.5639238809970517,0.4615110477548111,8017.142857142857,3700.0,1095.857142857143,399.42857142857144
2020-08-29T00:00:00.000,2020-04-17T00:00:00.000,10201,3569,825,286,2020-04-17,2020-08-29,NYC,0.3498676600333301,260178,144537,16431,45239,0.5555312132463159,0.4274015694185629,8356.142857142857,3571.4285714285716,1019.5714285714286,365.57142857142856
2020-08-29T00:00:00.000,2020-04-18T00:00:00.000,6565,2202,599,188,2020-04-18,2020-08-29,NYC,0.3354150799695354,266743,146739,16619,45838,0.5501137799304949,0.40466972934840584,8302.714285714286,3359.8571428571427,947.5714285714286,335.57142857142856
2020-08-29T00:00:00.000,2020-04-19T00:00:00.000,6728,2341,555,175,2020-04-19,2020-08-29,NYC,0.34794887039239003,273471,149080,16794,46393,0.545140069696604,0.3891521408021662,8441.42857142857,3285.0,887.2857142857143,304.14285714285717
2020-08-29T00:00:00.000,2020-04-20T00:00:00.000,11448,3794,712,241,2020-04-20,2020-08-29,NYC,0.3314116002795248,284919,152874,17035,47105,0.5365524938666779,0.36816700100300903,9115.42857142857,3356.0,815.5714285714286,275.0
2020-08-29T00:00:00.000,2020-04-21T00:00:00.000,9762,3075,627,233,2020-04-21,2020-08-29,NYC,0.3149969268592501,294681,155949,17268,47732,0.5292129455241431,0.34927662758792716,9163.42857142857,3200.5714285714284,737.7142857142857,252.28571428571428
2020-08-29T00:00:00.000,2020-04-22T00:00:00.000,11369,3477,584,184,2020-04-22,2020-08-29,NYC,0.30583164746239777,306050,159426,17452,48316,0.5209148831890213,0.33528882929282156,9375.285714285714,3143.4285714285716,679.8571428571429,228.85714285714286
2020-08-29T00:00:00.000,2020-04-23T00:00:00.000,10005,2825,495,163,2020-04-23,2020-08-29,NYC,0.28235882058970513,316055,162251,17615,48811,0.5133631804590973,0.3220890462786404,9439.714285714286,3040.4285714285716,628.1428571428571,210.0
2020-08-29T00:00:00.000,2020-04-24T00:00:00.000,9587,2532,511,173,2020-04-24,2020-08-29,NYC,0.264107645770314,325642,164783,17788,49322,0.5060250213424559,0.3092692166687034,9352.0,2892.285714285714,583.2857142857143,193.85714285714286
2020-08-29T00:00:00.000,2020-04-25T00:00:00.000,6150,1604,325,86,2020-04-25,2020-08-29,NYC,0.2608130081300813,331792,166387,17874,49647,0.5014798427930752,0.30204922443081367,9292.714285714286,2806.8571428571427,544.1428571428571,179.28571428571428
2020-08-29T00:00:00.000,2020-04-26T00:00:00.000,4372,993,301,95,2020-04-26,2020-08-29,NYC,0.22712717291857273,336164,167380,17969,49948,0.4979117335586202,0.29189861707048637,8956.142857142857,2614.285714285714,507.85714285714283,167.85714285714286
2020-08-29T00:00:00.000,2020-04-27T00:00:00.000,10302,2294,422,114,2020-04-27,2020-08-29,NYC,0.2226752086973403,346466,169674,18083,50370,0.4897277077693049,0.27296212650494744,8792.42857142857,2400.0,466.42857142857144,149.71428571428572
2020-08-29T00:00:00.000,2020-04-28T00:00:00.000,11939,2724,375,117,2020-04-28,2020-08-29,NYC,0.2281598123795963,358405,172398,18200,50745,0.4810144947754635,0.2581288054736049,9103.42857142857,2349.8571428571427,430.42857142857144,133.14285714285714
2020-08-29T00:00:00.000,2020-04-29T00:00:00.000,11847,2345,341,98,2020-04-29,2020-08-29,NYC,0.19794040685405587,370252,174743,18298,51086,0.4719569374372049,0.23857512227033426,9171.714285714286,2188.1428571428573,395.7142857142857,120.85714285714286
2020-08-29T00:00:00.000,2020-04-30T00:00:00.000,10716,2068,293,104,2020-04-30,2020-08-29,NYC,0.19298245614035087,380968,176811,18402,51379,0.46410984649629367,0.22430021721380924,9273.285714285714,2080.0,366.85714285714283,112.42857142857143
2020-08-29T00:00:00.000,2020-05-01T00:00:00.000,10256,1913,293,79,2020-05-01,2020-08-29,NYC,0.18652496099843993,391224,178724,18481,51672,0.4568329141361471,0.2125735720167119,9368.857142857143,1991.5714285714287,335.7142857142857,99.0
2020-08-29T00:00:00.000,2020-05-02T00:00:00.000,5882,1072,191,50,2020-05-02,2020-08-29,NYC,0.18225093505610337,397106,179796,18531,51863,0.4527657602755939,0.20530054812138285,9330.57142857143,1915.5714285714287,316.57142857142856,93.85714285714286
2020-08-29T00:00:00.000,2020-05-03T00:00:00.000,4603,780,161,40,2020-05-03,2020-08-29,NYC,0.16945470345426897,401709,180576,18571,52024,0.4495194282428325,0.20132733236707606,9363.57142857143,1885.142857142857,296.57142857142856,86.0
2020-08-29T00:00:00.000,2020-05-04T00:00:00.000,11059,1573,197,70,2020-05-04,2020-08-29,NYC,0.1422370919612985,412768,182149,18641,52221,0.4412866307465695,0.1881542034931073,9471.714285714286,1782.142857142857,264.42857142857144,79.71428571428571
2020-08-29T00:00:00.000,2020-05-05T00:00:00.000,11259,1555,192,62,2020-05-05,2020-08-29,NYC,0.13811173283595346,424027,183704,18703,52413,0.43323656276605027,0.17228978086617294,9374.57142857143,1615.142857142857,238.28571428571428,71.85714285714286
2020-08-29T00:00:00.000,2020-05-06T00:00:00.000,11682,1437,174,57,2020-05-06,2020-08-29,NYC,0.12300975860297894,435709,185141,18760,52587,0.4249189252459784,0.15885237636921948,9351.0,1485.4285714285713,214.42857142857142,66.0
2020-08-29T00:00:00.000,2020-05-07T00:00:00.000,11240,1304,173,48,2020-05-07,2020-08-29,NYC,0.11601423487544484,446949,186445,18808,52760,0.417150502630054,0.1460117306497325,9425.857142857143,1376.2857142857142,197.28571428571428,58.0
2020-08-29T00:00:00.000,2020-05-08T00:00:00.000,10324,1119,164,31,2020-05-08,2020-08-29,NYC,0.10838822161952731,457273,187564,18839,52924,0.41017947703013297,0.13384002785810534,9435.57142857143,1262.857142857143,178.85714285714286,51.142857142857146
2020-08-29T00:00:00.000,2020-05-09T00:00:00.000,5337,643,113,29,2020-05-09,2020-08-29,NYC,0.12047967022671913,462610,188207,18868,53037,0.4068372927519941,0.1284043722520762,9357.714285714286,1201.5714285714287,167.71428571428572,48.142857142857146
2020-08-29T00:00:00.000,2020-05-10T00:00:00.000,4428,454,96,28,2020-05-10,2020-08-29,NYC,0.1025293586269196,467038,188661,18896,53133,0.40395214093928117,0.12375820845260145,9332.714285714286,1155.0,158.42857142857142,46.42857142857143
2020-08-29T00:00:00.000,2020-05-11T00:00:00.000,13574,1272,156,39,2020-05-11,2020-08-29,NYC,0.09370856048327686,480612,189933,18935,53289,0.3951898828993034,0.11473380107304994,9692.0,1112.0,152.57142857142858,42.0
2020-08-29T00:00:00.000,2020-05-12T00:00:00.000,15041,1316,134,30,2020-05-12,2020-08-29,NYC,0.08749418256764843,495653,191249,18965,53423,0.3858526025263642,0.10533884343674085,10232.285714285714,1077.857142857143,144.28571428571428,37.42857142857143
2020-08-29T00:00:00.000,2020-05-13T00:00:00.000,15214,1421,132,40,2020-05-13,2020-08-29,NYC,0.09340081503878007,510867,192670,19005,53555,0.37714317033591915,0.10017563000612044,10736.857142857143,1075.5714285714287,138.28571428571428,35.0
2020-08-29T00:00:00.000,2020-05-14T00:00:00.000,14232,1191,110,34,2020-05-14,2020-08-29,NYC,0.08368465430016864,525099,193861,19039,53665,0.3691894290409999,0.09489443378119002,11164.285714285714,1059.4285714285713,129.28571428571428,33.0
2020-08-29T00:00:00.000,2020-05-15T00:00:00.000,11773,917,120,26,2020-05-15,2020-08-29,NYC,0.07789008748832073,536872,194778,19065,53785,0.3628015616385284,0.09062927926230228,11371.285714285714,1030.5714285714287,123.0,32.285714285714285
2020-08-29T00:00:00.000,2020-05-16T00:00:00.000,6675,460,64,8,2020-05-16,2020-08-29,NYC,0.06891385767790262,543547,195238,19073,53849,0.35919248933394904,0.08687003471836119,11562.42857142857,1004.4285714285714,116.0,29.285714285714285
2020-08-29T00:00:00.000,2020-05-17T00:00:00.000,6042,345,59,9,2020-05-17,2020-08-29,NYC,0.057100297914597815,549589,195583,19082,53908,0.35587138752777076,0.08385119501883684,11793.0,988.8571428571429,110.71428571428571,26.571428571428573
2020-08-29T00:00:00.000,2020-05-18T00:00:00.000,16436,971,79,19,2020-05-18,2020-08-29,NYC,0.0590776344609394,566025,196554,19101,53987,0.34725321319729696,0.07751747392083172,12201.857142857143,945.8571428571429,99.71428571428571,23.714285714285715
2020-08-29T00:00:00.000,2020-05-19T00:00:00.000,16420,1084,104,29,2020-05-19,2020-08-29,NYC,0.06601705237515225,582445,197638,19130,54091,0.3393247431087914,0.07361277537100193,12398.857142857143,912.7142857142857,95.42857142857143,23.571428571428573
2020-08-29T00:00:00.000,2020-05-20T00:00:00.000,19763,1241,87,18,2020-05-20,2020-08-29,NYC,0.06279411020594039,602208,198879,19148,54178,0.3302496811732823,0.06797604580637391,13048.714285714286,887.0,89.0,20.428571428571427
2020-08-29T00:00:00.000,2020-05-21T00:00:00.000,19714,1302,90,16,2020-05-21,2020-08-29,NYC,0.06604443542660038,621922,200181,19164,54268,0.32187476886169003,0.06527374694029311,13831.857142857143,902.8571428571429,86.14285714285714,17.857142857142858
2020-08-29T00:00:00.000,2020-05-22T00:00:00.000,19914,1252,82,16,2020-05-22,2020-08-29,NYC,0.06287034247263232,641836,201433,19180,54350,0.3138387376214485,0.06340269044624824,14994.857142857143,950.7142857142857,80.71428571428571,16.428571428571427
2020-08-29T00:00:00.000,2020-05-23T00:00:00.000,9666,545,49,10,2020-05-23,2020-08-29,NYC,0.0563831988412994,651502,201978,19190,54399,0.31001900224404527,0.062433421332962806,15422.142857142857,962.8571428571429,78.57142857142857,16.714285714285715
2020-08-29T00:00:00.000,2020-05-24T00:00:00.000,9701,514,69,8,2020-05-24,2020-08-29,NYC,0.052984228430058754,661203,202492,19198,54468,0.3062478542898323,0.061900836812586235,15944.857142857143,987.0,80.0,16.571428571428573
2020-08-29T00:00:00.000,2020-05-25T00:00:00.000,9348,489,66,15,2020-05-25,2020-08-29,NYC,0.05231065468549422,670551,202981,19213,54534,0.3027077731596851,0.06148709412012322,14932.285714285714,918.1428571428571,78.14285714285714,16.0
2020-08-29T00:00:00.000,2020-05-26T00:00:00.000,21142,1065,80,21,2020-05-26,2020-08-29,NYC,0.050373663797180966,691693,204046,19234,54614,0.29499503392400966,0.05865553602811951,15606.857142857143,915.4285714285714,74.71428571428571,14.857142857142858
2020-08-29T00:00:00.000,2020-05-27T00:00:00.000,16336,725,66,16,2020-05-27,2020-08-29,NYC,0.04438050930460333,708029,204771,19250,54680,0.28921272998704856,0.055678929513045615,15117.285714285714,841.7142857142857,71.71428571428571,14.571428571428571
2020-08-29T00:00:00.000,2020-05-28T00:00:00.000,15402,594,67,8,2020-05-28,2020-08-29,NYC,0.03856641994546163,723431,205365,19258,54747,0.28387641668659486,0.051069363307687,14501.285714285714,740.5714285714286,68.42857142857143,13.428571428571429
2020-08-29T00:00:00.000,2020-05-29T00:00:00.000,14923,559,54,11,2020-05-29,2020-08-29,NYC,0.03745895597399987,738354,205924,19269,54801,0.27889603090116666,0.04653018089889969,13788.285714285714,641.5714285714286,64.42857142857143,12.714285714285714
2020-08-29T00:00:00.000,2020-05-30T00:00:00.000,8363,336,38,3,2020-05-30,2020-08-29,NYC,0.040176969986846826,746717,206260,19272,54839,0.27622245107584265,0.04497190568712913,13602.142857142857,611.7142857142857,62.857142857142854,11.714285714285714
2020-08-29T00:00:00.000,2020-05-31T00:00:00.000,6753,227,36,9,2020-05-31,2020-08-29,NYC,0.03361468976751074,753470,206487,19281,54875,0.2740480709251861,0.04329825398029631,13181.0,570.7142857142857,58.142857142857146,11.857142857142858
2020-08-29T00:00:00.000,2020-06-01T00:00:00.000,16846,629,58,10,2020-06-01,2020-08-29,NYC,0.037338240531877,770316,207116,19291,54933,0.2688714761214878,0.04144740139327419,14252.142857142857,590.7142857142857,57.0,11.142857142857142
2020-08-29T00:00:00.000,2020-06-02T00:00:00.000,15689,551,49,8,2020-06-02,2020-08-29,NYC,0.03512014787430684,786005,207667,19299,54982,0.26420569843703284,0.03839384171685469,13473.142857142857,517.2857142857143,52.57142857142857,9.285714285714286
2020-08-29T00:00:00.000,2020-06-03T00:00:00.000,15073,540,60,16,2020-06-03,2020-08-29,NYC,0.035825648510581835,801078,208207,19315,55042,0.25990852326490055,0.03692678051349289,13292.714285714286,490.85714285714283,51.714285714285715,9.285714285714286
2020-08-29T00:00:00.000,2020-06-04T00:00:00.000,14735,474,51,7,2020-06-04,2020-08-29,NYC,0.03216830675262979,815813,208681,19322,55093,0.2557951393272723,0.03589443831049339,13197.42857142857,473.7142857142857,49.42857142857143,9.142857142857142
2020-08-29T00:00:00.000,2020-06-05T00:00:00.000,14511,399,54,7,2020-06-05,2020-08-29,NYC,0.027496382054992764,830324,209080,19329,55147,0.25180531936930645,0.03431553767532891,13138.57142857143,450.85714285714283,49.42857142857143,8.571428571428571
2020-08-29T00:00:00.000,2020-06-06T00:00:00.000,8643,250,31,6,2020-06-06,2020-08-29,NYC,0.028925141733194493,838967,209330,19335,55178,0.24950921788342093,0.033279132791327916,13178.57142857143,438.57142857142856,48.42857142857143,9.0
2020-08-29T00:00:00.000,2020-06-07T00:00:00.000,7120,192,32,2,2020-06-07,2020-08-29,NYC,0.02696629213483146,846087,209522,19337,55210,0.2476364723722265,0.03276936199617781,13231.0,433.57142857142856,47.857142857142854,8.0
2020-08-29T00:00:00.000,2020-06-08T00:00:00.000,17816,411,37,2,2020-06-08,2020-08-29,NYC,0.023069151324652,863903,209933,19339,55247,0.2430052911032836,0.030100334448160536,13369.57142857143,402.42857142857144,44.857142857142854,6.857142857142857
2020-08-29T00:00:00.000,2020-06-09T00:00:00.000,16447,382,34,4,2020-06-09,2020-08-29,NYC,0.02322612026509394,880350,210315,19343,55281,0.23889930141421026,0.028067200169590332,13477.857142857143,378.2857142857143,42.714285714285715,6.285714285714286
2020-08-29T00:00:00.000,2020-06-10T00:00:00.000,15105,329,32,5,2020-06-10,2020-08-29,NYC,0.02178086726249586,895455,210644,19348,55313,0.23523683490515995,0.025821969335749175,13482.42857142857,348.14285714285717,38.714285714285715,4.714285714285714
2020-08-29T00:00:00.000,2020-06-11T00:00:00.000,13516,294,42,5,2020-06-11,2020-08-29,NYC,0.02175199763243563,908971,210938,19353,55355,0.2320624090317513,0.024227656239936453,13308.285714285714,322.42857142857144,37.42857142857143,4.428571428571429
2020-08-29T00:00:00.000,2020-06-12T00:00:00.000,15698,356,51,9,2020-06-12,2020-08-29,NYC,0.02267804815900115,924669,211294,19362,55406,0.22850771465248645,0.023467062377444486,13477.857142857143,316.2857142857143,37.0,4.714285714285714
2020-08-29T00:00:00.000,2020-06-13T00:00:00.000,9145,190,28,2,2020-06-13,2020-08-29,NYC,0.02077638053581192,933814,211484,19364,55434,0.22647336621639855,0.022710259681381594,13549.57142857143,307.7142857142857,36.57142857142857,4.142857142857143
2020-08-29T00:00:00.000,2020-06-14T00:00:00.000,7680,145,25,0,2020-06-14,2020-08-29,NYC,0.018880208333333332,941494,211629,19364,55459,0.2247799773551398,0.02208433343465364,13629.57142857143,301.0,35.57142857142857,3.857142857142857
2020-08-29T00:00:00.000,2020-06-15T00:00:00.000,18713,317,46,3,2020-06-15,2020-08-29,NYC,0.01694009512103885,960207,211946,19367,55505,0.22072948853736746,0.020902558564545606,13757.714285714286,287.57142857142856,36.857142857142854,4.0
2020-08-29T00:00:00.000,2020-06-16T00:00:00.000,18481,384,52,5,2020-06-16,2020-08-29,NYC,0.020778096423353716,978688,212330,19372,55557,0.2169537176301334,0.020490552990705527,14048.285714285714,287.85714285714283,39.42857142857143,4.142857142857143
2020-08-29T00:00:00.000,2020-06-17T00:00:00.000,17812,333,32,7,2020-06-17,2020-08-29,NYC,0.018695261621378845,996500,212663,19379,55589,0.21340993477170095,0.019981196496610423,14435.0,288.42857142857144,39.42857142857143,4.428571428571429
2020-08-29T00:00:00.000,2020-06-18T00:00:00.000,17711,335,32,2,2020-06-18,2020-08-29,NYC,0.018914798712664445,1014211,212998,19381,55621,0.21001349817740095,0.019574306347396427,15034.285714285714,294.2857142857143,38.0,4.0
2020-08-29T00:00:00.000,2020-06-19T00:00:00.000,16259,320,20,3,2020-06-19,2020-08-29,NYC,0.019681407220616273,1030470,213318,19384,55641,0.20701039331567148,0.019130253967353805,15114.42857142857,289.14285714285717,33.57142857142857,3.142857142857143
2020-08-29T00:00:00.000,2020-06-20T00:00:00.000,10244,177,11,2,2020-06-20,2020-08-29,NYC,0.0172784068723155,1040714,213495,19386,55652,0.20514281541326435,0.018811973807296538,15271.42857142857,287.2857142857143,31.142857142857142,3.142857142857143
2020-08-29T00:00:00.000,2020-06-21T00:00:00.000,7689,167,33,3,2020-06-21,2020-08-29,NYC,0.02171933931590584,1048403,213662,19389,55685,0.20379758547047272,0.01901617263279986,15272.714285714286,290.42857142857144,32.285714285714285,3.5714285714285716
2020-08-29T00:00:00.000,2020-06-22T00:00:00.000,19106,366,38,2,2020-06-22,2020-08-29,NYC,0.019156285983460693,1067509,214028,19391,55723,0.20049292324467521,0.019403179810255168,15328.857142857143,297.42857142857144,31.142857142857142,3.4285714285714284
2020-08-29T00:00:00.000,2020-06-23T00:00:00.000,19032,350,23,2,2020-06-23,2020-08-29,NYC,0.0183900798654897,1086541,214378,19393,55746,0.19730318506158534,0.018988808841664116,15407.57142857143,292.57142857142856,27.0,3.0
2020-08-29T00:00:00.000,2020-06-24T00:00:00.000,17718,323,22,6,2020-06-24,2020-08-29,NYC,0.01823004853820973,1104259,214701,19399,55768,0.19442992993491562,0.018912573427741535,15394.142857142857,291.14285714285717,25.571428571428573,2.857142857142857
2020-08-29T00:00:00.000,2020-06-25T00:00:00.000,17451,258,27,2,2020-06-25,2020-08-29,NYC,0.014784253051401066,1121710,214959,19401,55795,0.19163509284931043,0.01824203015842008,15357.0,280.14285714285717,24.857142857142858,2.857142857142857
2020-08-29T00:00:00.000,2020-06-26T00:00:00.000,18029,269,29,2,2020-06-26,2020-08-29,NYC,0.01492040601253536,1139739,215228,19403,55824,0.18883972558629653,0.017479797563810413,15609.857142857143,272.85714285714283,26.142857142857142,2.7142857142857144
2020-08-29T00:00:00.000,2020-06-27T00:00:00.000,10726,225,33,3,2020-06-27,2020-08-29,NYC,0.020977065075517436,1150465,215453,19406,55857,0.18727471066047208,0.01784038414228572,15678.714285714286,279.7142857142857,29.285714285714285,2.857142857142857
2020-08-29T00:00:00.000,2020-06-28T00:00:00.000,9619,203,25,2,2020-06-28,2020-08-29,NYC,0.021104064871608274,1160084,215656,19408,55882,0.18589688332913823,0.017854424655939685,15954.42857142857,284.85714285714283,28.142857142857142,2.7142857142857144
2020-08-29T00:00:00.000,2020-06-29T00:00:00.000,21870,426,29,7,2020-06-29,2020-08-29,NYC,0.019478737997256516,1181954,216082,19415,55911,0.18281760542288447,0.01794748569181703,16349.285714285714,293.42857142857144,26.857142857142858,3.4285714285714284
2020-08-29T00:00:00.000,2020-06-30T00:00:00.000,20629,426,41,7,2020-06-30,2020-08-29,NYC,0.020650540501236124,1202583,216508,19422,55952,0.18003580626035792,0.01835542303648679,16577.428571428572,304.2857142857143,29.428571428571427,4.142857142857143
2020-08-29T00:00:00.000,2020-07-01T00:00:00.000,19399,378,28,3,2020-07-01,2020-08-29,NYC,0.019485540491777927,1221982,216886,19425,55980,0.17748706609426326,0.01856051918486617,16817.571428571428,312.14285714285717,30.285714285714285,3.7142857142857144
2020-08-29T00:00:00.000,2020-07-02T00:00:00.000,19504,376,24,1,2020-07-02,2020-08-29,NYC,0.019278096800656275,1241486,217262,19426,56004,0.17500157069834055,0.019227558108469142,17110.85714285714,329.0,29.857142857142858,3.5714285714285716
2020-08-29T00:00:00.000,2020-07-03T00:00:00.000,11680,220,27,3,2020-07-03,2020-08-29,NYC,0.018835616438356163,1253166,217482,19429,56031,0.1735460425833449,0.01987181182610842,16203.857142857143,322.0,29.571428571428573,3.7142857142857144
2020-08-29T00:00:00.000,2020-07-04T00:00:00.000,5323,106,12,1,2020-07-04,2020-08-29,NYC,0.019913582566222054,1258489,217588,19430,56043,0.17289622714223168,0.01976412649040954,15432.0,305.0,26.571428571428573,3.4285714285714284
2020-08-29T00:00:00.000,2020-07-05T00:00:00.000,8163,134,16,1,2020-07-05,2020-08-29,NYC,0.016415533504838906,1266652,217722,19431,56059,0.17188777975323924,0.01938668268148037,15224.0,295.14285714285717,25.285714285714285,3.2857142857142856
2020-08-29T00:00:00.000,2020-07-06T00:00:00.000,20643,422,50,3,2020-07-06,2020-08-29,NYC,0.020442765101971613,1287295,218144,19434,56109,0.1694592148652795,0.019574524639029436,15048.714285714286,294.57142857142856,28.285714285714285,2.7142857142857144
2020-08-29T00:00:00.000,2020-07-07T00:00:00.000,20036,411,39,5,2020-07-07,2020-08-29,NYC,0.02051307646236774,1307331,218555,19439,56148,0.16717648399678428,0.01954213922938863,14964.0,292.42857142857144,28.0,2.4285714285714284
2020-08-29T00:00:00.000,2020-07-08T00:00:00.000,19936,372,25,4,2020-07-08,2020-08-29,NYC,0.018659711075441412,1327267,218927,19443,56173,0.16494571175204387,0.019385477513415968,15040.714285714286,291.57142857142856,27.571428571428573,2.5714285714285716
2020-08-29T00:00:00.000,2020-07-09T00:00:00.000,18474,354,34,5,2020-07-09,2020-08-29,NYC,0.019162065605716143,1345741,219281,19448,56207,0.16294442987172122,0.019365977650951993,14893.57142857143,288.42857142857144,29.0,3.142857142857143
2020-08-29T00:00:00.000,2020-07-10T00:00:00.000,15017,282,21,1,2020-07-10,2020-08-29,NYC,0.01877871745355264,1360758,219563,19449,56228,0.16135345153216074,0.01934158673507324,15370.285714285714,297.2857142857143,28.142857142857142,2.857142857142857
2020-08-29T00:00:00.000,2020-07-11T00:00:00.000,9842,232,28,2,2020-07-11,2020-08-29,NYC,0.023572444625076204,1370600,219795,19451,56256,0.16036407412811907,0.019685847062286484,16015.857142857143,315.2857142857143,30.428571428571427,3.0
2020-08-29T00:00:00.000,2020-07-12T00:00:00.000,8397,202,16,3,2020-07-12,2020-08-29,NYC,0.0240562105513874,1378997,219997,19454,56272,0.15953406715170518,0.020250122390849615,16049.285714285714,325.0,30.428571428571427,3.2857142857142856
2020-08-29T00:00:00.000,2020-07-13T00:00:00.000,21377,419,35,3,2020-07-13,2020-08-29,NYC,0.019600505215886233,1400374,220416,19457,56307,0.15739795226132447,0.02009214796735026,16154.142857142857,324.57142857142856,28.285714285714285,3.2857142857142856
2020-08-29T00:00:00.000,2020-07-14T00:00:00.000,19245,360,31,1,2020-07-14,2020-08-29,NYC,0.018706157443491817,1419619,220776,19458,56338,0.15551778329255947,0.01977949558278712,16041.142857142857,317.2857142857143,27.142857142857142,2.7142857142857144
2020-08-29T00:00:00.000,2020-07-15T00:00:00.000,19606,351,24,1,2020-07-15,2020-08-29,NYC,0.017902682852188104,1439225,221127,19459,56362,0.15364310653302993,0.019650225977598742,15994.0,314.2857142857143,27.0,2.2857142857142856
2020-08-29T00:00:00.000,2020-07-16T00:00:00.000,18555,356,24,1,2020-07-16,2020-08-29,NYC,0.01918620317973592,1457780,221483,19460,56386,0.15193170437240186,0.019653870527227127,16005.57142857143,314.57142857142856,25.571428571428573,1.7142857142857142
2020-08-29T00:00:00.000,2020-07-17T00:00:00.000,18022,359,34,7,2020-07-17,2020-08-29,NYC,0.01992009765841749,1475802,221842,19467,56420,0.15031962282203168,0.019809811898056397,16434.85714285714,325.57142857142856,27.428571428571427,2.5714285714285716
2020-08-29T00:00:00.000,2020-07-18T00:00:00.000,9440,185,20,3,2020-07-18,2020-08-29,NYC,0.019597457627118644,1485242,222027,19470,56440,0.14948877018021306,0.019469304443397707,16377.42857142857,318.85714285714283,26.285714285714285,2.7142857142857144
2020-08-29T00:00:00.000,2020-07-19T00:00:00.000,7356,153,26,5,2020-07-19,2020-08-29,NYC,0.020799347471451877,1492598,222180,19475,56466,0.14885454757409564,0.01921638013749879,16228.714285714286,311.85714285714283,27.714285714285715,3.0
2020-08-29T00:00:00.000,2020-07-20T00:00:00.000,18750,322,30,2,2020-07-20,2020-08-29,NYC,0.017173333333333332,1511348,222502,19477,56496,0.14722089154847195,0.018797195739542596,15853.42857142857,298.0,27.0,2.857142857142857
2020-08-29T00:00:00.000,2020-07-21T00:00:00.000,17979,271,14,1,2020-07-21,2020-08-29,NYC,0.01507314088658991,1529327,222773,19478,56510,0.1456673425631013,0.01820286578918584,15672.57142857143,285.2857142857143,24.571428571428573,2.857142857142857
2020-08-29T00:00:00.000,2020-07-22T00:00:00.000,16144,269,23,1,2020-07-22,2020-08-29,NYC,0.016662537165510406,1545471,223042,19479,56533,0.14431975753669918,0.018024207970182407,15178.0,273.57142857142856,24.428571428571427,2.857142857142857
2020-08-29T00:00:00.000,2020-07-23T00:00:00.000,15845,252,19,0,2020-07-23,2020-08-29,NYC,0.0159040706847586,1561316,223294,19479,56552,0.1430165322074455,0.01749150054087467,14790.857142857143,258.7142857142857,23.714285714285715,2.7142857142857144
2020-08-29T00:00:00.000,2020-07-24T00:00:00.000,14559,241,29,0,2020-07-24,2020-08-29,NYC,0.016553334707054057,1575875,223535,19479,56581,0.1418481795827715,0.016917650115415746,14296.142857142857,241.85714285714286,23.0,1.7142857142857142
2020-08-29T00:00:00.000,2020-07-25T00:00:00.000,8137,126,21,3,2020-07-25,2020-08-29,NYC,0.015484822416123879,1584012,223661,19482,56602,0.14119905657280374,0.016543484863825047,14110.0,233.42857142857142,23.142857142857142,1.7142857142857142
2020-08-29T00:00:00.000,2020-07-26T00:00:00.000,6306,118,17,0,2020-07-26,2020-08-29,NYC,0.01871233745639074,1590318,223779,19482,56619,0.14071336676061014,0.016363078182562423,13960.0,228.42857142857142,21.857142857142858,1.0
2020-08-29T00:00:00.000,2020-07-27T00:00:00.000,17477,250,21,4,2020-07-27,2020-08-29,NYC,0.014304514504777708,1607795,224029,19486,56640,0.13933928143824306,0.015832529783196988,13778.142857142857,218.14285714285714,20.571428571428573,1.2857142857142858
2020-08-29T00:00:00.000,2020-07-28T00:00:00.000,15298,268,34,1,2020-07-28,2020-08-29,NYC,0.017518629886259643,1623093,224297,19487,56674,0.13819109564270193,0.01625322611607619,13395.142857142857,217.71428571428572,23.428571428571427,1.2857142857142858
2020-08-29T00:00:00.000,2020-07-29T00:00:00.000,15682,243,18,1,2020-07-29,2020-08-29,NYC,0.015495472516260681,1638775,224540,19488,56692,0.13701697914600844,0.016055045871559634,13329.142857142857,214.0,22.714285714285715,1.2857142857142858
2020-08-29T00:00:00.000,2020-07-30T00:00:00.000,15499,212,23,1,2020-07-30,2020-08-29,NYC,0.013678301825924253,1654274,224752,19489,56715,0.1358614111084379,0.01568450267862906,13279.714285714286,208.28571428571428,23.285714285714285,1.4285714285714286
2020-08-29T00:00:00.000,2020-07-31T00:00:00.000,15455,193,21,2,2020-07-31,2020-08-29,NYC,0.01248786800388224,1669729,224945,19491,56736,0.13471946645234048,0.015023334114688772,13407.714285714286,201.42857142857142,22.142857142857142,1.7142857142857142
2020-08-29T00:00:00.000,2020-08-01T00:00:00.000,8223,152,18,1,2020-08-01,2020-08-29,NYC,0.018484737930195793,1677952,225097,19492,56754,0.13414984457243115,0.015286352991271025,13420.0,205.14285714285714,21.714285714285715,1.4285714285714286
2020-08-29T00:00:00.000,2020-08-02T00:00:00.000,6516,104,18,3,2020-08-02,2020-08-29,NYC,0.01596071209330878,1684468,225201,19495,56772,0.1336926554852927,0.015103558151885289,13450.0,203.14285714285714,21.857142857142858,1.8571428571428572
2020-08-29T00:00:00.000,2020-08-03T00:00:00.000,18403,287,21,1,2020-08-03,2020-08-29,NYC,0.015595283377710156,1702871,225488,19496,56793,0.1324163721150927,0.015345618242248307,13582.285714285714,208.42857142857142,21.857142857142858,1.4285714285714286
2020-08-29T00:00:00.000,2020-08-04T00:00:00.000,11286,146,12,1,2020-08-04,2020-08-29,NYC,0.012936381357433989,1714157,225634,19497,56805,0.13162971653121622,0.014681981902837565,13009.142857142857,191.0,18.714285714285715,1.4285714285714286
2020-08-29T00:00:00.000,2020-08-05T00:00:00.000,15482,225,21,0,2020-08-05,2020-08-29,NYC,0.01453300607156698,1729639,225859,19497,56826,0.13058158378713708,0.014516200035217468,12980.57142857143,188.42857142857142,19.142857142857142,1.2857142857142858
2020-08-29T00:00:00.000,2020-08-06T00:00:00.000,15356,230,20,2,2020-08-06,2020-08-29,NYC,0.014977858817400365,1744995,226089,19499,56846,0.12956426809245872,0.014737491870680438,12960.142857142857,191.0,18.714285714285715,1.4285714285714286
2020-08-29T00:00:00.000,2020-08-07T00:00:00.000,15331,198,16,2,2020-08-07,2020-08-29,NYC,0.012915008805687822,1760326,226287,19501,56862,0.12854834843091564,0.014812852522710465,12942.42857142857,191.71428571428572,18.0,1.4285714285714286
2020-08-29T00:00:00.000,2020-08-08T00:00:00.000,8296,122,19,1,2020-08-08,2020-08-29,NYC,0.014705882352941176,1768622,226409,19502,56881,0.12801435241674025,0.01447005624793206,12952.857142857143,187.42857142857142,18.142857142857142,1.4285714285714286
2020-08-29T00:00:00.000,2020-08-09T00:00:00.000,6792,104,11,1,2020-08-09,2020-08-29,NYC,0.015312131919905771,1775414,226513,19503,56892,0.1275832003127158,0.014426142985947705,12992.285714285714,187.42857142857142,17.142857142857142,1.1428571428571428
2020-08-29T00:00:00.000,2020-08-10T00:00:00.000,18784,231,21,0,2020-08-10,2020-08-29,NYC,0.01229770017035775,1794198,226744,19503,56913,0.12637624164111208,0.01375277847733967,13046.714285714286,179.42857142857142,17.142857142857142,1.0
2020-08-29T00:00:00.000,2020-08-11T00:00:00.000,16297,195,18,0,2020-08-11,2020-08-29,NYC,0.011965392403509849,1810495,226939,19503,56931,0.1253463831714531,0.013546056592414209,13762.57142857143,186.42857142857142,18.0,0.8571428571428571
2020-08-29T00:00:00.000,2020-08-12T00:00:00.000,15801,248,16,2,2020-08-12,2020-08-29,NYC,0.015695209163976962,1826296,227187,19505,56947,0.12439768799800252,0.013739304964979257,13808.142857142857,189.71428571428572,17.285714285714285,1.1428571428571428
2020-08-29T00:00:00.000,2020-08-13T00:00:00.000,15346,208,17,1,2020-08-13,2020-08-29,NYC,0.01355402059168513,1841642,227395,19506,56964,0.12347405196015294,0.013513094043270873,13806.714285714286,186.57142857142858,16.857142857142858,1.0
2020-08-29T00:00:00.000,2020-08-14T00:00:00.000,15827,217,26,2,2020-08-14,2020-08-29,NYC,0.013710747456877488,1857469,227612,19508,56990,0.12253878799592348,0.013639685823991434,13877.57142857143,189.28571428571428,18.285714285714285,1.0
2020-08-29T00:00:00.000,2020-08-15T00:00:00.000,8552,118,17,2,2020-08-15,2020-08-29,NYC,0.013797942001870907,1866021,227730,19510,57007,0.12204042719776466,0.013562767584882802,13914.142857142857,188.71428571428572,18.0,1.1428571428571428
2020-08-29T00:00:00.000,2020-08-16T00:00:00.000,6623,104,11,0,2020-08-16,2020-08-29,NYC,0.015702853691680507,1872644,227834,19510,57018,0.12166434196782731,0.013586341664095444,13890.0,188.71428571428572,18.0,1.0
2020-08-29T00:00:00.000,2020-08-17T00:00:00.000,19746,242,16,0,2020-08-17,2020-08-29,NYC,0.012255646713258381,1892390,228076,19510,57034,0.12052272523105702,0.01356525989897344,14027.42857142857,190.28571428571428,17.285714285714285,1.0
2020-08-29T00:00:00.000,2020-08-18T00:00:00.000,18887,206,15,0,2020-08-18,2020-08-29,NYC,0.010906973050246202,1911277,228282,19510,57049,0.11943951609316703,0.013325792304181303,14397.42857142857,191.85714285714286,16.857142857142858,1.0
2020-08-29T00:00:00.000,2020-08-19T00:00:00.000,17333,197,18,0,2020-08-19,2020-08-29,NYC,0.011365603184676628,1928610,228479,19510,57067,0.11846822322812803,0.012627792872920617,14616.285714285714,184.57142857142858,17.142857142857142,0.7142857142857143
2020-08-29T00:00:00.000,2020-08-20T00:00:00.000,17015,159,15,0,2020-08-20,2020-08-29,NYC,0.00934469585659712,1945625,228638,19510,57082,0.11751390941214263,0.01195387707606051,14854.714285714286,177.57142857142858,16.857142857142858,0.5714285714285714
2020-08-29T00:00:00.000,2020-08-21T00:00:00.000,16822,182,17,1,2020-08-21,2020-08-29,NYC,0.010819165378670788,1962447,228820,19511,57099,0.11659932726845616,0.011507172931471356,14996.857142857143,172.57142857142858,15.571428571428571,0.42857142857142855
2020-08-29T00:00:00.000,2020-08-22T00:00:00.000,7575,91,10,0,2020-08-22,2020-08-29,NYC,0.012013201320132014,1970022,228911,19511,57109,0.11619717952388349,0.011355660041730367,14857.285714285714,168.71428571428572,14.571428571428571,0.14285714285714285
2020-08-29T00:00:00.000,2020-08-23T00:00:00.000,6574,103,3,0,2020-08-23,2020-08-29,NYC,0.01566778217219349,1976596,229014,19511,57112,0.11586282679920429,0.01135139295059258,14850.285714285714,168.57142857142858,13.428571428571429,0.14285714285714285
2020-08-29T00:00:00.000,2020-08-24T00:00:00.000,16735,161,6,0,2020-08-24,2020-08-29,NYC,0.00962055572154168,1993331,229175,19511,57118,0.11497087036723956,0.010887548171704262,14420.142857142857,157.0,12.0,0.14285714285714285
2020-08-29T00:00:00.000,2020-08-25T00:00:00.000,11752,120,16,1,2020-08-25,2020-08-29,NYC,0.010211027910142955,2005083,229295,19512,57134,0.1143568620351377,0.010798882800673731,13400.857142857143,144.71428571428572,12.142857142857142,0.2857142857142857
2020-08-29T00:00:00.000,2020-08-26T00:00:00.000,6938,85,7,0,2020-08-26,2020-08-29,NYC,0.012251369270683194,2012021,229380,19512,57141,0.11400477430404553,0.010801932598817902,11915.857142857143,128.71428571428572,10.571428571428571,0.2857142857142857
2020-08-29T00:00:00.000,2020-08-27T00:00:00.000,2451,30,0,0,2020-08-27,2020-08-29,NYC,0.012239902080783354,2014472,229410,19512,57141,0.11388095739230925,0.011213270004502738,9835.285714285714,110.28571428571429,8.428571428571429,0.2857142857142857
2020-08-29T00:00:00.000,2020-08-28T00:00:00.000,63,2,0,0,2020-08-28,2020-08-29,NYC,0.031746031746031744,2014535,229412,19512,57141,0.11387838880932821,0.011365381661803103,7441.142857142857,84.57142857142857,6.0,0.14285714285714285
